{"listings":[{"listing id":1,"user id":1,"username":"RajSinha999","title":"Xbox Controller","description":"Used Xbox 1 controller, broken left joystick","price":"13.99","date":"3/21/23","likes":1},{"listing id":2,"user id":1,"username":"RajSinha999","title":"Kirby Plushie","description":"Used Plushie","price":"4.00","date":"2/2/23","likes":0},{"listing id":3,"user id":3,"username":"Kaylin","title":"Glasses","description":"-8.5 eyesight glasses","price":"69.00","date":"3/3/23","likes":1},{"listing id":4,"user id":3,"username":"Kaylin","title":"Phone Case","description":"Blue iPhone 14 case","price":"10.00","date":"3/7/23","likes":5}]}